id,store_id,date,sales,lag_7,lag_28,dayofweek,month,is_event,rolling_mean_7,rolling_std_7,price_norm,price_change
FOODS_1_176_CA_1_validation,CA_1,2011-03-31,1,0.0,0.0,3,3,0,0.8571428571428571,0.8997354108424372,0.8534482758620691,0.0
FOODS_1_177_CA_1_validation,CA_1,2011-03-31,0,1.0,1.0,3,3,0,0.8571428571428571,1.4638501094227998,0.8875278396436524,0.0
FOODS_1_178_CA_1_validation,CA_1,2011-03-31,0,0.0,0.0,3,3,0,0.0,0.0,0.8987975951903808,0.0
FOODS_1_180_CA_1_validation,CA_1,2011-03-31,1,0.0,0.0,3,3,0,0.7142857142857143,0.9511897312113418,0.8906720160481445,0.0
FOODS_1_183_CA_1_validation,CA_1,2011-03-31,1,0.0,0.0,3,3,0,0.14285714285714285,0.3779644730092193,0.9664429530201342,0.0
FOODS_1_185_CA_1_validation,CA_1,2011-03-31,2,1.0,0.0,3,3,0,1.7142857142857142,1.2535663410560174,0.8771929824561404,0.0
FOODS_1_187_CA_1_validation,CA_1,2011-03-31,0,1.0,1.0,3,3,0,0.5714285714285714,0.5345224838248487,0.7985971943887775,0.0
FOODS_1_192_CA_1_validation,CA_1,2011-03-31,0,1.0,1.0,3,3,0,1.8571428571428572,1.345185418269098,0.8880597014925372,0.0
FOODS_1_194_CA_1_validation,CA_1,2011-03-31,4,3.0,8.0,3,3,0,3.2857142857142856,2.138089935299394,0.8168724279835391,0.0
FOODS_1_195_CA_1_validation,CA_1,2011-03-31,0,0.0,0.0,3,3,0,0.0,0.0,0.9732142857142857,0.0
FOODS_1_196_CA_1_validation,CA_1,2011-03-31,0,0.0,0.0,3,3,0,1.1428571428571428,1.864454471471609,0.985,0.0
FOODS_1_197_CA_1_validation,CA_1,2011-03-31,4,1.0,2.0,3,3,0,3.2857142857142856,1.889822365046136,0.7518939393939394,0.0
FOODS_1_198_CA_1_validation,CA_1,2011-03-31,0,0.0,1.0,3,3,0,0.14285714285714285,0.3779644730092273,0.8507462686567163,0.0
FOODS_1_201_CA_1_validation,CA_1,2011-03-31,3,3.0,4.0,3,3,0,3.142857142857143,1.7728105208558365,0.8928571428571428,0.0
FOODS_1_203_CA_1_validation,CA_1,2011-03-31,0,1.0,0.0,3,3,0,0.42857142857142855,0.7867957924694432,0.8928571428571428,0.0
FOODS_1_206_CA_1_validation,CA_1,2011-03-31,2,1.0,0.0,3,3,0,3.5714285714285716,1.51185789203691,0.6929824561403509,0.0
FOODS_1_207_CA_1_validation,CA_1,2011-03-31,0,6.0,0.0,3,3,0,2.142857142857143,2.1157009420498154,0.9397590361445783,0.0
FOODS_1_209_CA_1_validation,CA_1,2011-03-31,2,0.0,4.0,3,3,0,1.0,0.816496580927726,0.9596774193548386,0.0
FOODS_1_213_CA_1_validation,CA_1,2011-03-31,0,1.0,2.0,3,3,0,0.8571428571428571,0.899735410842437,1.0,0.0
FOODS_1_216_CA_1_validation,CA_1,2011-03-31,0,2.0,0.0,3,3,0,0.42857142857142855,0.7867957924694431,0.9734848484848484,0.0
FOODS_1_217_CA_1_validation,CA_1,2011-03-31,5,0.0,4.0,3,3,0,1.7142857142857142,1.2535663410560167,0.8305084745762712,0.0
FOODS_1_218_CA_1_validation,CA_1,2011-03-31,0,0.0,24.0,3,3,0,0.14285714285714285,0.37796447300923364,1.0,0.0
FOODS_1_219_CA_1_validation,CA_1,2011-03-31,4,1.0,3.0,3,3,0,3.0,2.5166114784235827,0.8928571428571428,0.0
FOODS_2_001_CA_1_validation,CA_1,2011-03-31,1,0.0,0.0,3,3,0,1.5714285714285714,1.618347187425374,0.8277310924369748,0.0
FOODS_2_003_CA_1_validation,CA_1,2011-03-31,4,1.0,2.0,3,3,0,0.5714285714285714,0.5345224838248515,0.868421052631579,0.0
FOODS_2_005_CA_1_validation,CA_1,2011-03-31,0,2.0,2.0,3,3,0,0.42857142857142855,0.7867957924694438,0.8578680203045685,0.0
FOODS_2_009_CA_1_validation,CA_1,2011-03-31,0,3.0,0.0,3,3,0,2.142857142857143,1.0690449676496974,1.0,0.0
FOODS_2_010_CA_1_validation,CA_1,2011-03-31,2,0.0,0.0,3,3,0,1.4285714285714286,2.14919697074224,0.9612403100775193,0.0
FOODS_2_011_CA_1_validation,CA_1,2011-03-31,0,0.0,0.0,3,3,0,0.42857142857142855,0.5345224838248486,1.0,0.0
FOODS_2_012_CA_1_validation,CA_1,2011-03-31,1,0.0,1.0,3,3,0,0.5714285714285714,0.5345224838248487,1.0,0.0
FOODS_2_013_CA_1_validation,CA_1,2011-03-31,2,0.0,8.0,3,3,0,3.2857142857142856,2.7516228977511745,0.8834080717488789,0.0
FOODS_2_014_CA_1_validation,CA_1,2011-03-31,5,0.0,2.0,3,3,0,1.7142857142857142,1.9760470401187071,0.9324324324324323,0.0
FOODS_2_018_CA_1_validation,CA_1,2011-03-31,1,0.0,1.0,3,3,0,0.14285714285714285,0.37796447300922664,0.9344042838018742,0.0
FOODS_2_019_CA_1_validation,CA_1,2011-03-31,9,2.0,7.0,3,3,0,5.0,8.306623862918082,0.8713450292397661,0.0
FOODS_2_020_CA_1_validation,CA_1,2011-03-31,0,1.0,0.0,3,3,0,1.5714285714285714,2.63673679998231,0.9018181818181819,0.0
FOODS_2_021_CA_1_validation,CA_1,2011-03-31,0,8.0,10.0,3,3,0,10.428571428571429,5.883795341363221,0.653061224489796,0.0
FOODS_2_022_CA_1_validation,CA_1,2011-03-31,0,0.0,0.0,3,3,0,0.0,0.0,0.9344042838018742,0.0
FOODS_2_024_CA_1_validation,CA_1,2011-03-31,1,2.0,1.0,3,3,0,2.2857142857142856,1.4960264830861887,0.9689922480620154,0.0
FOODS_2_025_CA_1_validation,CA_1,2011-03-31,0,0.0,2.0,3,3,0,0.5714285714285714,0.7867957924694434,0.934010152284264,0.0
FOODS_2_026_CA_1_validation,CA_1,2011-03-31,3,5.0,0.0,3,3,0,2.4285714285714284,2.5727509827124,0.9919354838709677,0.0
FOODS_2_029_CA_1_validation,CA_1,2011-03-31,1,9.0,0.0,3,3,0,4.142857142857143,2.340126166724878,0.9740034662045062,0.0
FOODS_2_030_CA_1_validation,CA_1,2011-03-31,0,0.0,3.0,3,3,0,3.0,2.5819888974716116,0.8261718750000001,0.0
FOODS_2_034_CA_1_validation,CA_1,2011-03-31,1,1.0,0.0,3,3,0,1.5714285714285714,1.7182493859684496,0.9018181818181819,0.0
FOODS_2_036_CA_1_validation,CA_1,2011-03-31,5,2.0,9.0,3,3,0,1.2857142857142858,0.9511897312113475,0.9364705882352942,0.0
FOODS_2_037_CA_1_validation,CA_1,2011-03-31,0,0.0,0.0,3,3,0,0.2857142857142857,0.48795003647426677,0.8571428571428571,0.0
FOODS_2_038_CA_1_validation,CA_1,2011-03-31,0,0.0,0.0,3,3,0,0.5714285714285714,0.5345224838248489,0.9671052631578947,0.0
FOODS_2_041_CA_1_validation,CA_1,2011-03-31,1,0.0,2.0,3,3,0,0.7142857142857143,0.7559289460184545,0.8165829145728644,0.0
FOODS_2_042_CA_1_validation,CA_1,2011-03-31,1,1.0,2.0,3,3,0,1.1428571428571428,1.4638501094227994,1.0,0.0
FOODS_2_043_CA_1_validation,CA_1,2011-03-31,2,0.0,0.0,3,3,0,1.7142857142857142,2.751622897751175,1.0,0.0
FOODS_2_044_CA_1_validation,CA_1,2011-03-31,1,0.0,0.0,3,3,0,1.1428571428571428,1.7728105208558365,0.8322147651006712,0.0
FOODS_2_047_CA_1_validation,CA_1,2011-03-31,2,0.0,4.0,3,3,0,2.5714285714285716,2.8199966227605597,0.8961038961038961,0.0
FOODS_2_049_CA_1_validation,CA_1,2011-03-31,0,0.0,1.0,3,3,0,0.0,0.0,0.9664429530201342,0.0
FOODS_2_051_CA_1_validation,CA_1,2011-03-31,0,1.0,2.0,3,3,0,1.2857142857142858,1.3801311186847085,0.9689922480620154,0.0
FOODS_2_052_CA_1_validation,CA_1,2011-03-31,0,4.0,4.0,3,3,0,1.7142857142857142,1.253566341056018,0.8426323319027181,0.0
FOODS_2_053_CA_1_validation,CA_1,2011-03-31,0,1.0,2.0,3,3,0,1.4285714285714286,0.9759000729485331,1.0,0.0
FOODS_2_054_CA_1_validation,CA_1,2011-03-31,0,3.0,5.0,3,3,0,4.285714285714286,3.545621041711673,0.7676767676767675,0.0
FOODS_2_056_CA_1_validation,CA_1,2011-03-31,0,0.0,3.0,3,3,0,0.0,0.0,0.9344042838018742,0.0
FOODS_2_058_CA_1_validation,CA_1,2011-03-31,0,0.0,0.0,3,3,0,0.0,0.0,0.8276515151515151,0.0
FOODS_2_059_CA_1_validation,CA_1,2011-03-31,0,0.0,0.0,3,3,0,0.0,0.0,0.9447077409162717,0.0
FOODS_2_060_CA_1_validation,CA_1,2011-03-31,2,2.0,1.0,3,3,0,2.7142857142857144,1.799470821684875,0.8571428571428571,0.0
FOODS_2_061_CA_1_validation,CA_1,2011-03-31,0,2.0,4.0,3,3,0,1.4285714285714286,1.2724180205607032,0.8867924528301886,0.0
FOODS_2_062_CA_1_validation,CA_1,2011-03-31,3,3.0,0.0,3,3,0,0.42857142857142855,1.1338934190276817,0.8596187175043328,0.0
FOODS_2_063_CA_1_validation,CA_1,2011-03-31,2,0.0,2.0,3,3,0,1.1428571428571428,1.214985792587907,0.8961038961038961,0.0
FOODS_2_064_CA_1_validation,CA_1,2011-03-31,0,0.0,0.0,3,3,0,0.8571428571428571,1.0690449676496976,0.9393939393939393,0.0
FOODS_2_065_CA_1_validation,CA_1,2011-03-31,1,0.0,4.0,3,3,0,1.1428571428571428,0.8997354108424371,1.0,0.0
FOODS_2_066_CA_1_validation,CA_1,2011-03-31,0,1.0,1.0,3,3,0,0.42857142857142855,0.5345224838248482,0.866220735785953,0.0
FOODS_2_067_CA_1_validation,CA_1,2011-03-31,3,1.0,0.0,3,3,0,1.7142857142857142,0.9511897312113413,1.0,0.0
FOODS_2_068_CA_1_validation,CA_1,2011-03-31,1,0.0,0.0,3,3,0,0.7142857142857143,0.951189731211342,0.8571428571428571,0.0
FOODS_2_072_CA_1_validation,CA_1,2011-03-31,2,2.0,0.0,3,3,0,0.5714285714285714,0.7867957924694426,1.0,0.0
FOODS_2_076_CA_1_validation,CA_1,2011-03-31,0,0.0,0.0,3,3,0,0.0,0.0,0.8550592525068369,0.0
FOODS_2_079_CA_1_validation,CA_1,2011-03-31,0,1.0,0.0,3,3,0,0.7142857142857143,1.1126972805283735,0.934010152284264,0.0
FOODS_2_080_CA_1_validation,CA_1,2011-03-31,0,0.0,0.0,3,3,0,0.8571428571428571,0.8997354108424372,1.0,0.0
FOODS_2_081_CA_1_validation,CA_1,2011-03-31,3,2.0,0.0,3,3,0,2.4285714285714284,2.370453040886408,0.9847328244274809,0.0
FOODS_2_082_CA_1_validation,CA_1,2011-03-31,2,1.0,3.0,3,3,0,2.142857142857143,2.410295378065479,0.9447077409162717,0.0
FOODS_2_083_CA_1_validation,CA_1,2011-03-31,2,1.0,1.0,3,3,0,2.0,2.0,1.0,0.0
FOODS_2_085_CA_1_validation,CA_1,2011-03-31,1,0.0,0.0,3,3,0,0.42857142857142855,0.5345224838248488,0.8541666666666666,0.0
FOODS_2_086_CA_1_validation,CA_1,2011-03-31,0,0.0,2.0,3,3,0,0.0,0.0,0.9664429530201342,0.0
FOODS_2_087_CA_1_validation,CA_1,2011-03-31,0,0.0,0.0,3,3,0,0.0,0.0,0.8550592525068369,0.0
FOODS_2_088_CA_1_validation,CA_1,2011-03-31,1,0.0,0.0,3,3,0,0.0,0.0,0.7590361445783133,0.0
FOODS_2_092_CA_1_validation,CA_1,2011-03-31,1,4.0,1.0,3,3,0,1.8571428571428572,1.7728105208558365,0.9364705882352942,0.0
FOODS_2_093_CA_1_validation,CA_1,2011-03-31,2,0.0,0.0,3,3,0,0.7142857142857143,0.7559289460184544,0.9689922480620154,0.0
FOODS_2_100_CA_1_validation,CA_1,2011-03-31,0,1.0,0.0,3,3,0,2.0,2.0,0.8322147651006712,0.0
FOODS_2_101_CA_1_validation,CA_1,2011-03-31,1,3.0,1.0,3,3,0,1.8571428571428572,1.3451854182690988,0.9447077409162717,0.0
FOODS_2_103_CA_1_validation,CA_1,2011-03-31,2,1.0,0.0,3,3,0,1.2857142857142858,1.6035674514745462,0.9344042838018742,0.0
FOODS_2_104_CA_1_validation,CA_1,2011-03-31,2,1.0,2.0,3,3,0,0.5714285714285714,0.5345224838248659,0.8983268983268984,0.0
FOODS_2_107_CA_1_validation,CA_1,2011-03-31,2,0.0,2.0,3,3,0,1.5714285714285714,1.9023794624226835,0.9252336448598131,0.0
FOODS_2_116_CA_1_validation,CA_1,2011-03-31,2,5.0,1.0,3,3,0,3.857142857142857,1.772810520855837,0.99,0.0
FOODS_2_118_CA_1_validation,CA_1,2011-03-31,0,0.0,1.0,3,3,0,0.2857142857142857,0.4879500364742666,0.9085365853658537,0.0
FOODS_2_119_CA_1_validation,CA_1,2011-03-31,0,0.0,0.0,3,3,0,0.0,0.0,0.9664429530201342,0.0
FOODS_2_126_CA_1_validation,CA_1,2011-03-31,0,0.0,1.0,3,3,0,0.0,0.0,0.8155737704918032,0.0
FOODS_2_127_CA_1_validation,CA_1,2011-03-31,0,0.0,0.0,3,3,0,0.14285714285714285,0.37796447300922725,0.9330655957161981,0.0
FOODS_2_128_CA_1_validation,CA_1,2011-03-31,0,0.0,0.0,3,3,0,0.0,0.0,0.653061224489796,0.0
FOODS_2_133_CA_1_validation,CA_1,2011-03-31,0,0.0,0.0,3,3,0,0.2857142857142857,0.4879500364742666,1.0,0.0
FOODS_2_134_CA_1_validation,CA_1,2011-03-31,2,0.0,1.0,3,3,0,1.5714285714285714,1.2724180205607034,0.9174311926605504,0.0
FOODS_2_135_CA_1_validation,CA_1,2011-03-31,0,0.0,0.0,3,3,0,1.5714285714285714,1.6183471874253734,0.9919354838709677,0.0
FOODS_2_137_CA_1_validation,CA_1,2011-03-31,1,0.0,0.0,3,3,0,0.2857142857142857,0.487950036474267,0.8322147651006712,0.0
FOODS_2_138_CA_1_validation,CA_1,2011-03-31,2,5.0,2.0,3,3,0,1.8571428571428572,1.6761634196950523,0.9081632653061225,0.0
FOODS_2_139_CA_1_validation,CA_1,2011-03-31,1,1.0,5.0,3,3,0,3.2857142857142856,1.7994708216848745,0.9174311926605504,0.0
FOODS_2_141_CA_1_validation,CA_1,2011-03-31,0,1.0,1.0,3,3,0,1.1428571428571428,1.2149857925879113,0.9344042838018742,0.0
FOODS_2_143_CA_1_validation,CA_1,2011-03-31,1,0.0,0.0,3,3,0,0.5714285714285714,0.7867957924694432,0.9191685912240185,0.0
FOODS_2_144_CA_1_validation,CA_1,2011-03-31,0,0.0,0.0,3,3,0,1.5714285714285714,0.9759000729485349,0.9689922480620154,0.0
FOODS_2_146_CA_1_validation,CA_1,2011-03-31,1,4.0,0.0,3,3,0,2.7142857142857144,2.138089935299395,0.99,0.0
FOODS_2_149_CA_1_validation,CA_1,2011-03-31,2,0.0,0.0,3,3,0,0.5714285714285714,0.7867957924694438,0.9344042838018742,0.0
FOODS_2_150_CA_1_validation,CA_1,2011-03-31,3,0.0,4.0,3,3,0,2.4285714285714284,2.149196970742241,0.9324324324324323,0.0
FOODS_2_152_CA_1_validation,CA_1,2011-03-31,0,4.0,0.0,3,3,0,2.0,2.3804761428476167,0.8320000000000001,0.0
FOODS_2_153_CA_1_validation,CA_1,2011-03-31,4,0.0,9.0,3,3,0,2.4285714285714284,2.7602622373694157,0.9324324324324323,0.0
FOODS_2_154_CA_1_validation,CA_1,2011-03-31,0,0.0,0.0,3,3,0,0.2857142857142857,0.48795003647426666,0.8426323319027181,0.0
FOODS_2_156_CA_1_validation,CA_1,2011-03-31,0,2.0,0.0,3,3,0,2.7142857142857144,3.1997023671109215,1.0,0.0
FOODS_2_157_CA_1_validation,CA_1,2011-03-31,1,0.0,3.0,3,3,0,0.42857142857142855,0.7867957924694429,0.8578680203045685,0.0
FOODS_2_160_CA_1_validation,CA_1,2011-03-31,0,1.0,0.0,3,3,0,0.42857142857142855,0.7867957924694432,0.9097222222222223,0.0
FOODS_2_161_CA_1_validation,CA_1,2011-03-31,0,2.0,0.0,3,3,0,0.5714285714285714,0.7867957924694432,0.9330655957161981,0.0
FOODS_2_163_CA_1_validation,CA_1,2011-03-31,0,0.0,0.0,3,3,0,0.5714285714285714,0.5345224838248487,1.0,0.0
FOODS_2_164_CA_1_validation,CA_1,2011-03-31,2,1.0,4.0,3,3,0,2.5714285714285716,3.0472470011002204,0.9056603773584905,0.0
FOODS_2_166_CA_1_validation,CA_1,2011-03-31,0,0.0,2.0,3,3,0,1.1428571428571428,1.3451854182690974,1.0,0.0
FOODS_2_167_CA_1_validation,CA_1,2011-03-31,0,1.0,0.0,3,3,0,0.2857142857142857,0.487950036474266,0.9018181818181819,0.0
FOODS_2_171_CA_1_validation,CA_1,2011-03-31,0,1.0,0.0,3,3,0,1.1428571428571428,0.899735410842437,0.9328859060402684,0.0
FOODS_2_173_CA_1_validation,CA_1,2011-03-31,1,1.0,0.0,3,3,0,0.5714285714285714,0.7867957924694432,0.8875278396436524,0.0
FOODS_2_174_CA_1_validation,CA_1,2011-03-31,0,0.0,0.0,3,3,0,0.0,0.0,0.9664429530201342,0.0
FOODS_2_176_CA_1_validation,CA_1,2011-03-31,0,0.0,0.0,3,3,0,0.0,0.0,0.9664429530201342,0.0
FOODS_2_181_CA_1_validation,CA_1,2011-03-31,5,6.0,8.0,3,3,0,6.571428571428571,1.7182493859684476,0.8277310924369748,0.0
FOODS_2_182_CA_1_validation,CA_1,2011-03-31,0,2.0,5.0,3,3,0,2.5714285714285716,1.5118578920369095,0.9252336448598131,0.0
FOODS_2_183_CA_1_validation,CA_1,2011-03-31,0,0.0,0.0,3,3,0,0.0,0.0,0.9175946547884187,0.0
FOODS_2_188_CA_1_validation,CA_1,2011-03-31,0,1.0,0.0,3,3,0,0.5714285714285714,0.7867957924694434,1.0,0.0
FOODS_2_189_CA_1_validation,CA_1,2011-03-31,1,2.0,0.0,3,3,0,3.0,1.6329931618554523,0.9689922480620154,0.0
FOODS_2_190_CA_1_validation,CA_1,2011-03-31,0,1.0,0.0,3,3,0,1.4285714285714286,1.6183471874253736,1.0,0.0
FOODS_2_192_CA_1_validation,CA_1,2011-03-31,3,0.0,3.0,3,3,0,2.5714285714285716,3.2071349029490928,0.9035532994923858,0.0
FOODS_2_194_CA_1_validation,CA_1,2011-03-31,0,3.0,0.0,3,3,0,0.8571428571428571,1.2149857925879106,1.0,0.0
FOODS_2_195_CA_1_validation,CA_1,2011-03-31,2,1.0,0.0,3,3,0,0.42857142857142855,0.534522483824849,0.824207492795389,0.0
FOODS_2_196_CA_1_validation,CA_1,2011-03-31,3,2.0,1.0,3,3,0,0.7142857142857143,0.9511897312113414,0.8578680203045685,0.0
FOODS_2_197_CA_1_validation,CA_1,2011-03-31,0,0.0,2.0,3,3,0,1.1428571428571428,3.023715784073822,0.8713450292397661,0.0
FOODS_2_198_CA_1_validation,CA_1,2011-03-31,1,0.0,0.0,3,3,0,0.2857142857142857,0.48795003647426644,1.0,0.0
FOODS_2_199_CA_1_validation,CA_1,2011-03-31,0,0.0,0.0,3,3,0,0.5714285714285714,0.5345224838248485,1.0,0.0
FOODS_2_202_CA_1_validation,CA_1,2011-03-31,0,0.0,0.0,3,3,0,0.2857142857142857,0.7559289460184545,1.0,0.0
FOODS_2_204_CA_1_validation,CA_1,2011-03-31,0,3.0,0.0,3,3,0,1.4285714285714286,1.6183471874253734,1.0,0.0
FOODS_2_207_CA_1_validation,CA_1,2011-03-31,2,0.0,0.0,3,3,0,0.2857142857142857,0.48795003647426677,0.8571428571428571,0.0
FOODS_2_208_CA_1_validation,CA_1,2011-03-31,0,0.0,2.0,3,3,0,0.0,0.0,0.9344042838018742,0.0
FOODS_2_211_CA_1_validation,CA_1,2011-03-31,0,0.0,0.0,3,3,0,0.0,0.0,0.9393939393939393,0.0
FOODS_2_212_CA_1_validation,CA_1,2011-03-31,0,5.0,4.0,3,3,0,4.428571428571429,2.439750182371333,0.8155737704918032,0.0
FOODS_2_216_CA_1_validation,CA_1,2011-03-31,0,0.0,0.0,3,3,0,0.7142857142857143,0.7559289460184545,0.9542483660130718,0.0
FOODS_2_218_CA_1_validation,CA_1,2011-03-31,0,0.0,1.0,3,3,0,0.0,0.0,0.934010152284264,0.0
FOODS_2_219_CA_1_validation,CA_1,2011-03-31,0,0.0,0.0,3,3,0,0.0,0.0,1.0,0.0
FOODS_2_220_CA_1_validation,CA_1,2011-03-31,1,0.0,1.0,3,3,0,1.0,0.5773502691896263,0.9252336448598131,0.0
FOODS_2_221_CA_1_validation,CA_1,2011-03-31,2,1.0,0.0,3,3,0,3.5714285714285716,3.5523298860110977,0.7462686567164178,0.0
FOODS_2_223_CA_1_validation,CA_1,2011-03-31,1,0.0,0.0,3,3,0,0.2857142857142857,0.4879500364742667,1.0,0.0
FOODS_2_224_CA_1_validation,CA_1,2011-03-31,1,0.0,0.0,3,3,0,0.2857142857142857,0.4879500364742667,0.8765432098765431,0.0
FOODS_2_225_CA_1_validation,CA_1,2011-03-31,1,1.0,0.0,3,3,0,1.1428571428571428,1.0690449676496978,0.9689922480620154,0.0
FOODS_2_229_CA_1_validation,CA_1,2011-03-31,0,0.0,0.0,3,3,0,1.1428571428571428,0.8997354108424372,1.0,0.0
FOODS_2_230_CA_1_validation,CA_1,2011-03-31,0,3.0,1.0,3,3,0,1.2857142857142858,1.6035674514745462,1.0,0.0
FOODS_2_231_CA_1_validation,CA_1,2011-03-31,1,0.0,0.0,3,3,0,2.142857142857143,3.1320159337914952,0.8322147651006712,0.0
FOODS_2_232_CA_1_validation,CA_1,2011-03-31,0,5.0,0.0,3,3,0,2.142857142857143,1.7728105208558367,0.8906249999999999,0.0
FOODS_2_233_CA_1_validation,CA_1,2011-03-31,4,0.0,5.0,3,3,0,2.857142857142857,3.484660262185848,0.9441964285714286,0.0
FOODS_2_236_CA_1_validation,CA_1,2011-03-31,0,0.0,0.0,3,3,0,0.0,0.0,1.0,0.0
FOODS_2_237_CA_1_validation,CA_1,2011-03-31,1,0.0,3.0,3,3,0,1.4285714285714286,1.1338934190276815,0.9612403100775193,0.0
FOODS_2_240_CA_1_validation,CA_1,2011-03-31,1,1.0,2.0,3,3,0,1.7142857142857142,0.9511897312113418,1.0,0.0
FOODS_2_242_CA_1_validation,CA_1,2011-03-31,3,1.0,2.0,3,3,0,1.1428571428571428,1.2149857925879108,0.9689922480620154,0.0
FOODS_2_243_CA_1_validation,CA_1,2011-03-31,0,0.0,0.0,3,3,0,0.14285714285714285,0.37796447300922764,0.8571428571428571,0.0
FOODS_2_244_CA_1_validation,CA_1,2011-03-31,12,12.0,21.0,3,3,0,11.285714285714286,3.988077469754304,0.9225589225589226,0.0
FOODS_2_245_CA_1_validation,CA_1,2011-03-31,0,0.0,0.0,3,3,0,1.0,1.7320508075688772,0.9174311926605504,0.0
FOODS_2_247_CA_1_validation,CA_1,2011-03-31,4,1.0,0.0,3,3,0,2.857142857142857,2.410295378065479,0.88,0.0
FOODS_2_251_CA_1_validation,CA_1,2011-03-31,2,0.0,5.0,3,3,0,0.5714285714285714,0.7867957924694424,0.8221092757306225,0.0
FOODS_2_255_CA_1_validation,CA_1,2011-03-31,1,1.0,0.0,3,3,0,0.8571428571428571,0.6900655593423543,1.0,0.0
FOODS_2_258_CA_1_validation,CA_1,2011-03-31,1,0.0,0.0,3,3,0,0.14285714285714285,0.377964473009227,0.9689440993788819,0.0
FOODS_2_262_CA_1_validation,CA_1,2011-03-31,1,0.0,0.0,3,3,0,1.5714285714285714,2.070196678027063,0.9252336448598131,0.0
FOODS_2_263_CA_1_validation,CA_1,2011-03-31,1,0.0,2.0,3,3,0,0.5714285714285714,0.9759000729485332,0.6913580246913581,0.0
FOODS_2_264_CA_1_validation,CA_1,2011-03-31,0,0.0,0.0,3,3,0,1.1428571428571428,1.5735915849388864,0.8165829145728644,0.0
FOODS_2_267_CA_1_validation,CA_1,2011-03-31,6,0.0,1.0,3,3,0,2.2857142857142856,3.3022358947782484,0.9035532994923858,0.0
FOODS_2_274_CA_1_validation,CA_1,2011-03-31,0,2.0,2.0,3,3,0,1.4285714285714286,1.3972762620115435,0.9344042838018742,0.0
FOODS_2_275_CA_1_validation,CA_1,2011-03-31,0,1.0,0.0,3,3,0,0.5714285714285714,0.5345224838248488,0.9919354838709677,0.0
FOODS_2_276_CA_1_validation,CA_1,2011-03-31,19,26.0,0.0,3,3,0,26.285714285714285,12.432675841162613,0.8713450292397661,0.0
FOODS_2_280_CA_1_validation,CA_1,2011-03-31,0,0.0,0.0,3,3,0,0.0,0.0,0.8165829145728644,0.0
FOODS_2_281_CA_1_validation,CA_1,2011-03-31,1,1.0,0.0,3,3,0,0.5714285714285714,0.5345224838248487,0.8571428571428571,0.0
FOODS_2_282_CA_1_validation,CA_1,2011-03-31,0,0.0,4.0,3,3,0,0.0,0.0,1.0,0.0
FOODS_2_283_CA_1_validation,CA_1,2011-03-31,2,8.0,4.0,3,3,0,2.2857142857142856,2.7516228977511714,1.0,0.0
FOODS_2_285_CA_1_validation,CA_1,2011-03-31,4,0.0,2.0,3,3,0,1.7142857142857142,1.380131118684708,0.7437185929648241,0.0
FOODS_2_288_CA_1_validation,CA_1,2011-03-31,2,0.0,0.0,3,3,0,1.2857142857142858,1.4960264830861918,1.0,0.0
FOODS_2_289_CA_1_validation,CA_1,2011-03-31,0,1.0,0.0,3,3,0,1.4285714285714286,1.2724180205607067,0.9689922480620154,0.0
FOODS_2_291_CA_1_validation,CA_1,2011-03-31,0,0.0,0.0,3,3,0,0.0,0.0,0.9344042838018742,0.0
FOODS_2_293_CA_1_validation,CA_1,2011-03-31,5,6.0,2.0,3,3,0,4.428571428571429,2.8784916685156974,0.8483412322274883,0.0
FOODS_2_294_CA_1_validation,CA_1,2011-03-31,13,6.0,4.0,3,3,0,6.285714285714286,4.0708019567928595,0.7462686567164178,0.0
FOODS_2_295_CA_1_validation,CA_1,2011-03-31,0,1.0,3.0,3,3,0,1.1428571428571428,0.8997354108424372,0.8426323319027181,0.0
FOODS_2_297_CA_1_validation,CA_1,2011-03-31,0,3.0,0.0,3,3,0,1.7142857142857142,1.9760470401187076,0.9364705882352942,0.0
FOODS_2_298_CA_1_validation,CA_1,2011-03-31,1,0.0,0.0,3,3,0,0.14285714285714285,0.37796447300922725,0.8426323319027181,0.0
FOODS_2_299_CA_1_validation,CA_1,2011-03-31,9,0.0,8.0,3,3,0,3.857142857142857,3.236694374850749,0.8794642857142856,0.0
FOODS_2_303_CA_1_validation,CA_1,2011-03-31,0,0.0,0.0,3,3,0,0.8571428571428571,1.4638501094227998,1.0,0.0
FOODS_2_304_CA_1_validation,CA_1,2011-03-31,1,0.0,4.0,3,3,0,0.5714285714285714,0.7867957924694426,0.9150943396226414,0.0
FOODS_2_305_CA_1_validation,CA_1,2011-03-31,0,0.0,0.0,3,3,0,0.2857142857142857,0.48795003647426655,1.0,0.0
FOODS_2_308_CA_1_validation,CA_1,2011-03-31,0,0.0,0.0,3,3,0,0.0,0.0,0.9664429530201342,0.0
FOODS_2_311_CA_1_validation,CA_1,2011-03-31,3,0.0,1.0,3,3,0,2.7142857142857144,2.984084768360629,0.8961038961038961,0.0
FOODS_2_315_CA_1_validation,CA_1,2011-03-31,3,3.0,8.0,3,3,0,4.142857142857143,1.573591584938888,0.9689922480620154,0.0
FOODS_2_317_CA_1_validation,CA_1,2011-03-31,0,1.0,1.0,3,3,0,0.8571428571428571,0.6900655593423541,0.8426323319027181,0.0
FOODS_2_318_CA_1_validation,CA_1,2011-03-31,0,0.0,0.0,3,3,0,0.0,0.0,0.946768060836502,0.0
FOODS_2_319_CA_1_validation,CA_1,2011-03-31,0,0.0,0.0,3,3,0,0.0,0.0,0.9664429530201342,0.0
FOODS_2_322_CA_1_validation,CA_1,2011-03-31,1,1.0,0.0,3,3,0,1.7142857142857142,1.6035674514745466,0.9328859060402684,0.0
FOODS_2_323_CA_1_validation,CA_1,2011-03-31,0,0.0,1.0,3,3,0,0.42857142857142855,0.5345224838248488,0.8165829145728644,0.0
FOODS_2_326_CA_1_validation,CA_1,2011-03-31,3,0.0,4.0,3,3,0,3.142857142857143,3.2366943748507486,1.0,0.0
FOODS_2_327_CA_1_validation,CA_1,2011-03-31,0,2.0,1.0,3,3,0,1.5714285714285714,1.2724180205607034,0.99,0.0
FOODS_2_329_CA_1_validation,CA_1,2011-03-31,2,1.0,1.0,3,3,0,0.7142857142857143,0.48795003647426666,0.8281250000000001,0.0
FOODS_2_330_CA_1_validation,CA_1,2011-03-31,1,0.0,0.0,3,3,0,1.0,0.8164965809277263,0.9191685912240185,0.0
FOODS_2_332_CA_1_validation,CA_1,2011-03-31,2,1.0,1.0,3,3,0,1.0,0.8164965809277264,1.0,0.0
FOODS_2_333_CA_1_validation,CA_1,2011-03-31,2,0.0,0.0,3,3,0,1.0,1.1547005383792517,0.8892215568862276,0.0
